FirstName,LastName,Order,PMID,Journal,CitationCount,Gender,Date.Received,Date.Published,Field
Paul,Bracken  ,1,1001.2348v1,Acta Mathematica,6,M,,14-Jan-10,Mathematics
Dmitry,Gourevitch  ,2,1001.2490v1,American Journal of Mathematics,9,M,14-Jan-10,1-Feb-13,Mathematics
Avraham,Aizenbud  ,1,1001.2490v1,American Journal of Mathematics,9,M,14-Jan-10,1-Feb-13,Mathematics
Xuepeng,Bai  ,2,1002.1046v5,Acta Mathematica,52,M,30-Jul-10,6-Nov-14,Mathematics
Yiqing,Lin  ,1,1002.1046v5,Acta Mathematica,52,M,30-Jul-10,6-Nov-14,Mathematics
Kilian,Raschel  ,1,1003.1362v3,American Journal of Mathematics,54,M,,6-Mar-10,Mathematics
John,Olushola Adeniran ,2,1003.1378v1,Acta Mathematica,9,M,,6-Mar-10,Mathematics
Temitope,Gbolahan Jaiyeola ,1,1003.1378v1,Acta Mathematica,9,M,,6-Mar-10,Mathematics
James,Nolen  ,2,1003.4160v1,American Journal of Mathematics,46,M,16-Mar-09,26-May-10,Mathematics
Pierre,Cardaliaguet  ,1,1003.4160v1,American Journal of Mathematics,46,M,16-Mar-09,26-May-10,Mathematics
Panagiotis,E. Souganidis ,3,1003.4160v1,American Journal of Mathematics,46,M,16-Mar-09,26-May-10,Mathematics
Boaz,Tsaban  ,1,1004.0211v2,American Journal of Mathematics,25,M,9-Jan-08,3-Feb-12,Mathematics
Lyubomyr,Zdomskyy  ,2,1004.0211v2,American Journal of Mathematics,25,M,9-Jan-08,3-Feb-12,Mathematics
Lamei,Yuan  ,1,1006.0075v2,Acta Mathematica,3,F,12-Oct-10,28-Mar-12,Mathematics
Eric,Dumas  ,2,1006.4701v1,American Journal of Mathematics,19,M,30-Jun-10,10-Oct-12,Mathematics
Rémi,Carles  ,1,1006.4701v1,American Journal of Mathematics,19,M,30-Jun-10,10-Oct-12,Mathematics
Christof,Sparber  ,3,1006.4701v1,American Journal of Mathematics,19,M,30-Jun-10,10-Oct-12,Mathematics
Vincent,Guedj  ,2,1007.0076v1,American Journal of Mathematics,83,M,1-Jul-10,14-Mar-11,Mathematics
Ahmed,Zeriahi  ,3,1007.0076v1,American Journal of Mathematics,83,M,1-Jul-10,14-Mar-11,Mathematics
Philippe,Eyssidieux  ,1,1007.0076v1,American Journal of Mathematics,83,M,1-Jul-10,14-Mar-11,Mathematics
Stéphane,Lamy  ,2,1007.0895v2,Acta Mathematica,94,M,7-Jul-10,1-Jan-13,Mathematics
Serge,Cantat  ,1,1007.0895v2,Acta Mathematica,94,M,7-Jul-10,1-Jan-13,Mathematics
Augusto,Teixeira  ,1,1007.0902v1,American Journal of Mathematics,47,M,1-Jul-10,20-Jul-11,Mathematics
David,Windisch  ,2,1007.0902v1,American Journal of Mathematics,47,M,1-Jul-10,20-Jul-11,Mathematics
Yingqing,Xiao  ,1,1009.1799v3,Acta Mathematica,2,F,,9-Sep-10,Mathematics
Daniel,Massart  ,2,1009.5474v1,American Journal of Mathematics,2,M,1-Sep-10,8-Mar-11,Mathematics
Ugo,Bessi  ,1,1009.5474v1,American Journal of Mathematics,2,M,1-Sep-10,8-Mar-11,Mathematics
Peter,Albers  ,1,1010.2140v1,American Journal of Mathematics,47,M,1-Nov-10,20-Oct-11,Mathematics
Gabriel,P. Paternain ,4,1010.2140v1,American Journal of Mathematics,47,M,1-Nov-10,20-Oct-11,Mathematics
Otto,van Koert ,3,1010.2140v1,American Journal of Mathematics,47,M,1-Nov-10,20-Oct-11,Mathematics
Urs,Frauenfelder  ,2,1010.2140v1,American Journal of Mathematics,47,M,1-Nov-10,20-Oct-11,Mathematics
Xueting,Tian  ,2,1010.4937v2,Acta Mathematica,15,F,,24-Oct-10,Mathematics
Wenxiang,Sun  ,1,1010.4937v2,Acta Mathematica,15,M,,25-Oct-10,Mathematics
Zengjing,Chen  ,2,1010.5917v3,Acta Mathematica,0,M,26-Jan-10,12-Apr-15,Mathematics
Panyu,Wu  ,1,1010.5917v3,Acta Mathematica,0,M,26-Jan-10,12-Apr-15,Mathematics
Xuwen,Chen  ,1,1011.5997v3,American Journal of Mathematics,66,M,13-Jan-11,10-Sep-11,Mathematics
Hal,Schenck  ,1,1012.0933v1,American Journal of Mathematics,6,M,22-Sep-09,1-Apr-12,Mathematics
Mike,Stillman  ,2,1012.0933v1,American Journal of Mathematics,6,M,22-Sep-09,1-Apr-12,Mathematics
Peter,S. Ozsváth ,2,1012.1032v2,American Journal of Mathematics,20,M,11-Apr-11,9-May-13,Mathematics
Robert,Lipshitz  ,1,1012.1032v2,American Journal of Mathematics,20,M,11-Apr-11,9-May-13,Mathematics
Dylan,P. Thurston ,3,1012.1032v2,American Journal of Mathematics,20,M,11-Apr-11,9-May-13,Mathematics
Ying,Shen  ,1,1101.0446v2,Acta Mathematica,10,F,21-Feb-11,29-Nov-13,Mathematics
Kam,Chuen Yuen ,3,1101.0446v2,Acta Mathematica,10,M,21-Feb-11,29-Nov-13,Mathematics
Chuancun,Yin  ,2,1101.0446v2,Acta Mathematica,10,Unk,21-Feb-11,29-Nov-13,Mathematics
Helmut,Hofer  ,4,1103.3881v1,American Journal of Mathematics,36,M,28-Apr-11,27-Oct-11,Mathematics
Peter,Albers  ,1,1103.3881v1,American Journal of Mathematics,36,M,28-Apr-11,27-Oct-11,Mathematics
Joel,W. Fish ,2,1103.3881v1,American Journal of Mathematics,36,M,28-Apr-11,27-Oct-11,Mathematics
Otto,van Koert ,5,1103.3881v1,American Journal of Mathematics,36,M,28-Apr-11,27-Oct-11,Mathematics
Urs,Frauenfelder  ,3,1103.3881v1,American Journal of Mathematics,36,M,28-Apr-11,27-Oct-11,Mathematics
Rémi,Carles  ,1,1104.0781v3,American Journal of Mathematics,2,M,25-Mar-11,24-Jan-12,Mathematics
Michael,Aizenman  ,1,1104.0969v3,American Journal of Mathematics,73,M,5-Apr-11,9-May-13,Mathematics
Simone,Warzel  ,2,1104.0969v3,American Journal of Mathematics,73,F,5-Apr-11,9-May-13,Mathematics
Nguyen,Huy Hung ,3,1104.1877v1,Acta Mathematica,4,M,,1-Apr-11,Mathematics
Nguyen,Thi Phuong Dung,1,1104.1877v1,Acta Mathematica,4,M,,1-Apr-11,Mathematics
Phung,Ho Hai ,2,1104.1877v1,Acta Mathematica,4,F,,1-Apr-11,Mathematics
Wanyang,Dai  ,1,1105.1363v1,Acta Mathematica,6,F,20-Jun-08,6-May-11,Mathematics
Dejun,Luo  ,1,1105.4672v2,Acta Mathematica,8,M,2-Jun-11,9-Mar-12,Mathematics
Wei,Ouyang  ,2,1106.0951v2,Acta Mathematica,1,M,,6-Jun-11,Mathematics
Zeqian,Chen  ,1,1106.0951v2,Acta Mathematica,1,M,,6-Jun-11,Mathematics
Kiyoshi,Takeuchi  ,2,1107.0402v7,American Journal of Mathematics,19,M,4-Oct-12,1-Apr-15,Mathematics
Alexander,Esterov  ,1,1107.0402v7,American Journal of Mathematics,19,M,4-Oct-12,1-Apr-15,Mathematics
Vivek,Shende  ,2,1107.2355v2,American Journal of Mathematics,43,M,5-Sep-11,16-Oct-13,Mathematics
Luca,Migliorini  ,1,1107.2355v2,American Journal of Mathematics,43,M,5-Sep-11,16-Oct-13,Mathematics
Aiping,Zhang  ,1,1107.4143v1,Acta Mathematica,2,F,2-Mar-09,9-Aug-11,Mathematics
Shunhua,Zhang  ,2,1107.4143v1,Acta Mathematica,2,F,2-Mar-09,9-Aug-11,Mathematics
Zbigniew,Olszak  ,2,1108.0018v4,Acta Mathematica,20,M,26-Jul-11,3-Apr-12,Mathematics
Karina,Olszak  ,1,1108.0018v4,Acta Mathematica,20,F,26-Jul-11,3-Apr-12,Mathematics
Joe,S. Wang ,1,1108.4463v1,Acta Mathematica,17,M,2-Sep-11,26-Oct-12,Mathematics
Thomas,Church  ,1,1108.4511v3,American Journal of Mathematics,6,M,20-Jan-12,1-Aug-14,Mathematics
David,Futer  ,1,1108.5748v2,American Journal of Mathematics,16,M,7-Sep-11,1-Apr-14,Mathematics
Saul,Schleimer  ,2,1108.5748v2,American Journal of Mathematics,16,M,7-Sep-11,1-Apr-14,Mathematics
Ru,Peng  ,1,1109.0814v2,Acta Mathematica,2,Unk,8-Aug-12,5-Aug-13,Mathematics
Caiheng,Ouyang  ,2,1109.0814v2,Acta Mathematica,2,Unk,8-Aug-12,5-Aug-13,Mathematics
Luc,Nguyen  ,3,1110.1192v1,American Journal of Mathematics,16,M,5-Oct-01,25-Aug-12,Mathematics
Yves,Capdeboscq  ,2,1110.1192v1,American Journal of Mathematics,16,M,5-Oct-01,25-Aug-12,Mathematics
Marc,Briane  ,1,1110.1192v1,American Journal of Mathematics,16,M,5-Oct-01,25-Aug-12,Mathematics
Pierre,Cornilleau  ,1,1110.5164v3,American Journal of Mathematics,16,M,11-Oct-11,1-Apr-14,Mathematics
Luc,Robbiano  ,2,1110.5164v3,American Journal of Mathematics,16,M,11-Oct-11,1-Apr-14,Mathematics
Philippe,Laurencot  ,1,1111.1156v1,American Journal of Mathematics,30,M,4-Nov-11,25-Aug-12,Mathematics
Christoph,Walker  ,2,1111.1156v1,American Journal of Mathematics,30,M,4-Nov-11,25-Aug-12,Mathematics
Sorin,Popa  ,1,1111.6951v3,Acta Mathematica,125,M,13-Jun-12,1-Jan-14,Mathematics
Stefaan,Vaes  ,2,1111.6951v3,Acta Mathematica,125,M,13-Jun-12,1-Jan-14,Mathematics
Wolfgang,Steiner  ,1,1112.1183v1,Acta Mathematica,14,M,6-Dec-11,1-Aug-12,Mathematics
Saharon,Shelah  ,2,1201.1713v2,Acta Mathematica,14,M,8-Jan-12,21-Jun-12,Mathematics
Shimon,Garti  ,1,1201.1713v2,Acta Mathematica,14,M,8-Jan-12,21-Jun-12,Mathematics
Daniele,Castorina  ,1,1201.3486v1,American Journal of Mathematics,9,M,26-Jan-12,29-Oct-15,Mathematics
Manel,Sanchon  ,2,1201.3486v1,American Journal of Mathematics,9,M,26-Jan-12,29-Oct-15,Mathematics
Yihang,Hao  ,1,1201.5942v3,Acta Mathematica,8,M,5-Jan-12,2-May-13,Mathematics
Xian-gao,Liu  ,2,1201.5942v3,Acta Mathematica,8,M,5-Jan-12,2-May-13,Mathematics
Xueke,Pu  ,2,1202.1830v2,American Journal of Mathematics,28,M,8-Feb-12,18-Oct-13,Mathematics
Yan,Guo  ,1,1202.1830v2,American Journal of Mathematics,28,M,8-Feb-12,18-Oct-13,Mathematics
Oleksiy,Klurman  ,1,1203.2208v2,Acta Mathematica,0,M,26-Feb-13,8-Feb-14,Mathematics
Fang-hua,Lin  ,2,1203.2699v3,American Journal of Mathematics,114,F,1-Sep-10,22-Feb-11,Mathematics
Zhen,Lei  ,1,1203.2699v3,American Journal of Mathematics,114,M,1-Sep-10,22-Feb-11,Mathematics
Xuwen,Chen  ,1,1204.0125v3,American Journal of Mathematics,45,M,6-Dec-12,5-Jun-13,Mathematics
Philippe,Gravejat  ,1,1204.2893v3,American Journal of Mathematics,22,M,3-May-12,16-Mar-13,Mathematics
Eric,Séré  ,4,1204.2893v3,American Journal of Mathematics,22,M,3-May-12,16-Mar-13,Mathematics
Christian,Hainzl  ,2,1204.2893v3,American Journal of Mathematics,22,M,3-May-12,16-Mar-13,Mathematics
Mathieu,Lewin  ,3,1204.2893v3,American Journal of Mathematics,22,M,3-May-12,16-Mar-13,Mathematics
Suhyoung,Choi  ,1,1204.5308v6,American Journal of Mathematics,26,F,6-Jun-13,1-Apr-17,Mathematics
William,Goldman  ,2,1204.5308v6,American Journal of Mathematics,26,M,6-Jun-13,1-Apr-17,Mathematics
Jason,Cantarella  ,1,1206.3161v2,American Journal of Mathematics,27,M,1-Jun-12,27-Aug-13,Mathematics
Clayton,Shonkwiler  ,3,1206.3161v2,American Journal of Mathematics,27,M,1-Jun-12,27-Aug-13,Mathematics
Tetsuo,Deguchi  ,2,1206.3161v2,American Journal of Mathematics,27,M,1-Jun-12,27-Aug-13,Mathematics
Luis,Alberto Lomelí ,1,1206.3186v3,American Journal of Mathematics,9,M,1-Nov-12,1-Apr-15,Mathematics
Paltin,Ionescu  ,1,1209.2047v1,American Journal of Mathematics,19,M,8-Jun-10,1-Apr-13,Mathematics
Francesco,Russo  ,2,1209.2047v1,American Journal of Mathematics,19,M,8-Jun-10,1-Apr-13,Mathematics
Konstantinos,Tyros  ,3,1209.4985v3,American Journal of Mathematics,12,M,,22-Sep-12,Mathematics
Vassilis,Kanellopoulos  ,2,1209.4985v3,American Journal of Mathematics,12,M,,22-Sep-12,Mathematics
Pandelis,Dodos  ,1,1209.4985v3,American Journal of Mathematics,12,M,,22-Sep-12,Mathematics
Dmitry,Gourevitch  ,1,1210.4064v2,American Journal of Mathematics,16,M,1-Nov-12,1-Apr-15,Mathematics
Siddhartha,Sahi  ,2,1210.4064v2,American Journal of Mathematics,16,M,1-Nov-12,1-Apr-15,Mathematics
Aijin,Lin  ,1,1210.6181v3,Acta Mathematica,0,M,22-Oct-12,1-Jan-14,Mathematics
Alexander,Y Grosberg ,2,1210.6537v1,American Journal of Mathematics,11,M,26-Oct-12,1-Apr-15,Mathematics
Robert,B. Kusner ,3,1210.6537v1,American Journal of Mathematics,11,M,26-Oct-12,1-Apr-15,Mathematics
Clayton,Shonkwiler  ,4,1210.6537v1,American Journal of Mathematics,11,M,26-Oct-12,1-Apr-15,Mathematics
Jason,Cantarella  ,1,1210.6537v1,American Journal of Mathematics,11,M,26-Oct-12,1-Apr-15,Mathematics
Bianca,Viray  ,2,1210.7841v2,American Journal of Mathematics,25,F,7-Nov-12,1-Apr-15,Mathematics
Kristin,Lauter  ,1,1210.7841v2,American Journal of Mathematics,25,F,7-Nov-12,1-Apr-15,Mathematics
A.,Buryak  ,1,1211.5273v1,American Journal of Mathematics,10,M,13-Dec-12,1-Jun-15,Mathematics
D.,Zvonkine  ,4,1211.5273v1,American Journal of Mathematics,10,M,13-Dec-12,1-Jun-15,Mathematics
S.,Shadrin  ,2,1211.5273v1,American Journal of Mathematics,10,M,13-Dec-12,1-Jun-15,Mathematics
L.,Spitz  ,3,1211.5273v1,American Journal of Mathematics,10,M,13-Dec-12,1-Jun-15,Mathematics
Xuwen,Chen  ,1,1212.0787v2,American Journal of Mathematics,36,M,11-Dec-12,24-Sep-13,Mathematics
Justin,Holmer  ,2,1212.0787v2,American Journal of Mathematics,36,M,11-Dec-12,24-Sep-13,Mathematics
Lian-Ying,Miao  ,1,1212.1029v3,Acta Mathematica,10,Unk,23-Apr-13,15-Aug-14,Mathematics
Yi-Zheng,Fan  ,2,1212.1029v3,Acta Mathematica,10,M,23-Apr-13,15-Aug-14,Mathematics
Simon,Baker  ,1,1212.1349v2,Acta Mathematica,5,M,17-Dec-12,26-Oct-13,Mathematics
Serguei,Popov  ,1,1212.1605v2,American Journal of Mathematics,67,M,21-Dec-12,29-Oct-15,Mathematics
Augusto,Teixeira  ,2,1212.1605v2,American Journal of Mathematics,67,M,21-Dec-12,29-Oct-15,Mathematics
Eva,Miranda  ,2,1301.1329v1,Acta Mathematica,6,F,30-Oct-12,20-Feb-13,Mathematics
Camille,Laurent-Gengoux  ,1,1301.1329v1,Acta Mathematica,6,F,30-Oct-12,20-Feb-13,Mathematics
Lixin,Cheng  ,2,1301.3656v3,Acta Mathematica,12,M,26-Sep-12,1-Nov-13,Mathematics
Qingjin,Cheng  ,3,1301.3656v3,Acta Mathematica,12,F,26-Sep-12,1-Nov-13,Mathematics
Duanxu,Dai  ,4,1301.3656v3,Acta Mathematica,12,M,26-Sep-12,1-Nov-13,Mathematics
Lingxin,Bao  ,1,1301.3656v3,Acta Mathematica,12,F,26-Sep-12,1-Nov-13,Mathematics
Enrique,González-Jiménez  ,1,1301.5028v2,Acta Mathematica,2,M,22-Jan-13,18-Sep-13,Mathematics
Árpád,Baricz  ,1,1301.5432v1,Acta Mathematica,11,M,18-Oct-12,18-Apr-13,Mathematics
Tibor,K. Pogány ,2,1301.5432v1,Acta Mathematica,11,M,18-Oct-12,18-Apr-13,Mathematics
Yves,Colin de Verdiere,4,1301.6783v5,American Journal of Mathematics,18,M,31-Jan-13,1-Aug-15,Mathematics
Yuri,Safarov  ,2,1301.6783v5,American Journal of Mathematics,18,M,31-Jan-13,1-Aug-15,Mathematics
Dmitry,Jakobson  ,1,1301.6783v5,American Journal of Mathematics,18,M,31-Jan-13,1-Aug-15,Mathematics
Alexander,Strohmaier  ,3,1301.6783v5,American Journal of Mathematics,18,M,31-Jan-13,1-Aug-15,Mathematics
Marc,Briant  ,1,1302.1755v4,American Journal of Mathematics,16,M,6-May-14,19-May-15,Mathematics
Jean,Bourgain  ,1,1302.5409v1,American Journal of Mathematics,62,M,20-Feb-13,1-Jan-14,Mathematics
Aynur,Bulut  ,2,1302.5409v1,American Journal of Mathematics,62,F,20-Feb-13,1-Jan-14,Mathematics
Alberto,Farina  ,1,1303.1265v1,American Journal of Mathematics,24,M,22-Mar-13,1-Apr-14,Mathematics
Nicola,Soave  ,2,1303.1265v1,American Journal of Mathematics,24,M,22-Mar-13,1-Apr-14,Mathematics
Pablo,Guarino  ,1,1303.3470v1,American Journal of Mathematics,25,M,,27-Apr-17,Mathematics
Welington,de Melo ,2,1303.3470v1,American Journal of Mathematics,25,M,,27-Apr-17,Mathematics
Justin,Holmer  ,2,1303.5385v3,American Journal of Mathematics,49,M,18-Dec-12,25-Apr-16,Mathematics
Xuwen,Chen  ,1,1303.5385v3,American Journal of Mathematics,49,M,18-Dec-12,25-Apr-16,Mathematics
Yuliang,Shen  ,1,1304.3197v6,American Journal of Mathematics,9,M,10-Apr-20,14-Aug-20,Mathematics
Alexei,Borodin  ,1,1305.3627v4,American Journal of Mathematics,79,M,1-Jun-13,10-Oct-14,Mathematics
Vadim,Gorin  ,2,1305.3627v4,American Journal of Mathematics,79,M,1-Jun-13,10-Oct-14,Mathematics
Walter,Strauss  ,2,1305.5219v1,American Journal of Mathematics,11,M,22-May-13,19-Sep-13,Mathematics
Xuwen,Chen  ,1,1305.5219v1,American Journal of Mathematics,11,M,22-May-13,19-Sep-13,Mathematics
Pere,Menal-Ferrer  ,3,1305.7064v1,American Journal of Mathematics,1,M,24-Oct-08,1-Apr-11,Mathematics
Artur,Nicolau  ,2,1305.7064v1,American Journal of Mathematics,1,M,24-Oct-08,1-Apr-11,Mathematics
Nacho,Monreal Galán ,1,1305.7064v1,American Journal of Mathematics,1,M,24-Oct-08,1-Apr-11,Mathematics
Miloš,Ziman  ,2,1305.7213v1,Acta Mathematica,7,M,,30-May-13,Mathematics
Martin,Sleziak  ,1,1305.7213v1,Acta Mathematica,7,M,,30-May-13,Mathematics
Misha,Verbitsky  ,1,1306.1498v2,Acta Mathematica,44,M,8-Jun-14,1-Apr-14,Mathematics
Christian,Sadel  ,3,1306.1605v2,American Journal of Mathematics,47,M,17-Aug-13,22-Oct-14,Mathematics
Svetlana,Jitomirskaya  ,2,1306.1605v2,American Journal of Mathematics,47,F,17-Aug-13,22-Oct-14,Mathematics
Artur,Avila  ,1,1306.1605v2,American Journal of Mathematics,47,M,17-Aug-13,22-Oct-14,Mathematics
Luis,Silvestre  ,2,1306.2429v3,American Journal of Mathematics,48,M,17-Jun-13,25-Apr-16,Mathematics
Cyril,Imbert  ,1,1306.2429v3,American Journal of Mathematics,48,M,17-Jun-13,25-Apr-16,Mathematics
Manjunath,Krishnapur  ,1,1306.4832v1,American Journal of Mathematics,55,M,1-Nov-13,30-Apr-15,Mathematics
Brian,Rider  ,2,1306.4832v1,American Journal of Mathematics,55,M,1-Nov-13,30-Apr-15,Mathematics
Balint,Virag  ,3,1306.4832v1,American Journal of Mathematics,55,M,1-Nov-13,30-Apr-15,Mathematics
Zhijian,Qiu  ,1,1307.0424v1,Acta Mathematica,2,M,13-Feb-07,15-Oct-09,Mathematics
Ivo,M. Michailov ,1,1307.0738v3,Acta Mathematica,4,M,25-Nov-13,8-Apr-16,Mathematics
Simone,Cifani  ,2,1307.1218v4,American Journal of Mathematics,20,M,3-Jul-13,12-Apr-14,Mathematics
Nathael,Alibaud  ,1,1307.1218v4,American Journal of Mathematics,20,M,3-Jul-13,12-Apr-14,Mathematics
Espen,Jakobsen  ,3,1307.1218v4,American Journal of Mathematics,20,M,3-Jul-13,12-Apr-14,Mathematics
Mohammad,El Smaily ,1,1307.4106v2,American Journal of Mathematics,3,M,23-Jul-13,19-Mar-14,Mathematics
Stéphane,Kirsch  ,2,1307.4106v2,American Journal of Mathematics,3,M,23-Jul-13,19-Mar-14,Mathematics
Tobias,Finis  ,1,1308.3604v4,American Journal of Mathematics,14,M,,19-Mar-18,Mathematics
Erez,Lapid  ,2,1308.3604v4,American Journal of Mathematics,14,M,,19-Mar-18,Mathematics
Justin,Holmer  ,2,1308.3895v2,American Journal of Mathematics,58,M,18-Sep-14,25-Feb-16,Mathematics
Xuwen,Chen  ,1,1308.3895v2,American Journal of Mathematics,58,M,18-Sep-14,25-Feb-16,Mathematics
Gennady,Lyubeznik  ,1,1308.4182v5,American Journal of Mathematics,24,M,7-Nov-13,12-Oct-16,Mathematics
Anurag,K. Singh ,2,1308.4182v5,American Journal of Mathematics,24,M,7-Nov-13,12-Oct-16,Mathematics
Uli,Walther  ,3,1308.4182v5,American Journal of Mathematics,24,M,7-Nov-13,12-Oct-16,Mathematics
Isabella,Ianni  ,2,1309.6961v2,American Journal of Mathematics,18,F,25-Sep-13,15-Jul-15,Mathematics
Francesca,De Marchis ,1,1309.6961v2,American Journal of Mathematics,18,F,25-Sep-13,15-Jul-15,Mathematics
Filomena,Pacella  ,3,1309.6961v2,American Journal of Mathematics,18,F,25-Sep-13,15-Jul-15,Mathematics
Thomas,Bartsch  ,1,1310.4731v1,American Journal of Mathematics,42,M,17-Oct-13,12-Aug-14,Mathematics
Jaroslaw,Mederski  ,2,1310.4731v1,American Journal of Mathematics,42,M,17-Oct-13,12-Aug-14,Mathematics
Giovanni,Rosso  ,1,1310.6583v2,American Journal of Mathematics,6,M,13-Jan-14,1-Jun-16,Mathematics
Pawel,Pasteczka  ,1,1311.2155v1,Acta Mathematica,6,M,17-Jul-14,8-May-15,Mathematics
Luisa,Consiglieri  ,1,1312.0625v1,Acta Mathematica,3,F,9-Jul-14,15-Jun-15,Mathematics
Yao,Ma  ,3,1401.1075v1,Acta Mathematica,8,M,16-Feb-14,9-May-15,Mathematics
Liangyun,Chen  ,2,1401.1075v1,Acta Mathematica,8,M,16-Feb-14,9-May-15,Mathematics
Jie,Lin  ,1,1401.1075v1,Acta Mathematica,8,Unk,16-Feb-14,9-May-15,Mathematics
Attila,Deák  ,1,1401.2521v1,Acta Mathematica,1,M,5-Oct-12,30-Apr-13,Mathematics
Luca,Rondi  ,1,1401.4081v1,American Journal of Mathematics,10,M,20-Jan-14,4-Mar-15,Mathematics
Mourad,Sini  ,2,1401.4081v1,American Journal of Mathematics,10,M,20-Jan-14,4-Mar-15,Mathematics
Naihong,Hu  ,1,1401.8184v1,Acta Mathematica,0,M,17-Dec-13,5-Sep-14,Mathematics
Shenyou,Wang  ,2,1401.8184v1,Acta Mathematica,0,Unk,17-Dec-13,5-Sep-14,Mathematics
Juan,Soler  ,5,1402.1679v2,American Journal of Mathematics,13,M,,26-Jan-17,Mathematics
Vicent,Caselles  ,3,1402.1679v2,American Journal of Mathematics,13,M,,26-Jan-17,Mathematics
Oscar,Sánchez  ,4,1402.1679v2,American Journal of Mathematics,13,M,,26-Jan-17,Mathematics
Juan,Campos  ,2,1402.1679v2,American Journal of Mathematics,13,M,,26-Jan-17,Mathematics
Juan,Calvo  ,1,1402.1679v2,American Journal of Mathematics,13,M,,26-Jan-17,Mathematics
Edgardo,Roldán-Pensado  ,2,1402.6276v1,Acta Mathematica,4,M,26-Feb-14,28-Aug-14,Mathematics
Leonardo,Martínez  ,1,1402.6276v1,Acta Mathematica,4,M,26-Feb-14,28-Aug-14,Mathematics
Jakub,Trybula  ,1,1403.3223v1,Acta Mathematica,0,M,22-Aug-12,1-Jan-15,Mathematics
Solomon,Friedberg  ,1,1403.3930v3,American Journal of Mathematics,8,M,,31-May-18,Mathematics
David,Ginzburg  ,2,1403.3930v3,American Journal of Mathematics,8,M,,31-May-18,Mathematics
Marco,Mazzucchelli  ,3,1404.7641v3,American Journal of Mathematics,29,M,,26-Jan-17,Mathematics
Gabriel,P. Paternain ,4,1404.7641v3,American Journal of Mathematics,29,M,,26-Jan-17,Mathematics
Leonardo,Macarini  ,2,1404.7641v3,American Journal of Mathematics,29,M,,26-Jan-17,Mathematics
Alberto,Abbondandolo  ,1,1404.7641v3,American Journal of Mathematics,29,M,,26-Jan-17,Mathematics
Dmitry,Dolgopyat  ,1,1405.2304v1,American Journal of Mathematics,16,M,1-Feb-14,12-Feb-15,Mathematics
Peter,Nandori  ,2,1405.2304v1,American Journal of Mathematics,16,M,1-Feb-14,12-Feb-15,Mathematics
Á.,Baricz  ,1,1405.4712v1,Acta Mathematica,7,M,28-Sep-15,31-Mar-16,Mathematics
S.,Singh  ,3,1405.4712v1,Acta Mathematica,7,M,28-Sep-15,31-Mar-16,Mathematics
S.,Ponnusamy  ,2,1405.4712v1,Acta Mathematica,7,M,28-Sep-15,31-Mar-16,Mathematics
F.,S. Patacchini ,3,1405.5428v2,American Journal of Mathematics,72,M,25-May-14,4-Mar-15,Mathematics
J.,A. Carrillo ,2,1405.5428v2,American Journal of Mathematics,72,M,25-May-14,4-Mar-15,Mathematics
J.,A. Cañizo ,1,1405.5428v2,American Journal of Mathematics,72,M,25-May-14,4-Mar-15,Mathematics
Ilya,Kofman  ,2,1406.1945v1,Acta Mathematica,22,M,23-Feb-14,3-Dec-14,Mathematics
Abhijit,Champanerkar  ,1,1406.1945v1,Acta Mathematica,22,M,23-Feb-14,3-Dec-14,Mathematics
Jean-Luc,Marichal  ,1,1406.4345v2,Acta Mathematica,7,M,30-Jun-14,24-Feb-15,Mathematics
Bruno,Teheux  ,2,1406.4345v2,Acta Mathematica,7,M,30-Jun-14,24-Feb-15,Mathematics
Alessandro,Zilio  ,2,1407.6674v2,American Journal of Mathematics,44,M,29-Sep-14,11-Apr-15,Mathematics
Nicola,Soave  ,1,1407.6674v2,American Journal of Mathematics,44,M,29-Sep-14,11-Apr-15,Mathematics
Jonathan,Wise  ,4,1408.0869v3,American Journal of Mathematics,41,M,,7-Aug-17,Mathematics
Dan,Abramovich  ,1,1408.0869v3,American Journal of Mathematics,41,M,,7-Aug-17,Mathematics
Qile,Chen  ,2,1408.0869v3,American Journal of Mathematics,41,F,,7-Aug-17,Mathematics
Steffen,Marcus  ,3,1408.0869v3,American Journal of Mathematics,41,M,,7-Aug-17,Mathematics
Daniela,Tonon  ,3,1409.0160v1,American Journal of Mathematics,33,F,30-Aug-14,12-Nov-15,Mathematics
Yan,Guo  ,1,1409.0160v1,American Journal of Mathematics,33,M,30-Aug-14,12-Nov-15,Mathematics
Ariane,Trescases  ,4,1409.0160v1,American Journal of Mathematics,33,F,30-Aug-14,12-Nov-15,Mathematics
Chanwoo,Kim  ,2,1409.0160v1,American Journal of Mathematics,33,M,30-Aug-14,12-Nov-15,Mathematics
Anna,Beliakova  ,1,1409.1198v1,Acta Mathematica,24,F,23-Feb-14,20-Dec-14,Mathematics
Kazuo,Habiro  ,3,1409.1198v1,Acta Mathematica,24,M,23-Feb-14,20-Dec-14,Mathematics
Aaron,D. Lauda ,4,1409.1198v1,Acta Mathematica,24,M,23-Feb-14,20-Dec-14,Mathematics
Zaur,Guliyev  ,2,1409.1198v1,Acta Mathematica,24,M,23-Feb-14,20-Dec-14,Mathematics
Ki-Ahm,Lee  ,2,1410.6323v3,American Journal of Mathematics,5,M,24-Oct-14,23-Aug-15,Mathematics
Sunghan,Kim  ,1,1410.6323v3,American Journal of Mathematics,5,M,24-Oct-14,23-Aug-15,Mathematics
Liangyun,Chen  ,2,1411.7026v1,Acta Mathematica,20,M,,7-Aug-17,Mathematics
Yan,Cao  ,1,1411.7026v1,Acta Mathematica,20,Unk,,7-Aug-17,Mathematics
Yiannis,Sakellaridis  ,3,1412.6174v4,American Journal of Mathematics,37,M,18-Dec-14,1-Feb-16,Mathematics
Alexis,Bouthier  ,1,1412.6174v4,American Journal of Mathematics,37,M,18-Dec-14,1-Feb-16,Mathematics
Ngo,Bao Chau ,2,1412.6174v4,American Journal of Mathematics,37,F,18-Dec-14,1-Feb-16,Mathematics
Zhifei,Zhang  ,2,1412.7787v4,American Journal of Mathematics,5,M,4-Nov-15,30-Mar-16,Mathematics
Yong,Lu  ,1,1412.7787v4,American Journal of Mathematics,5,M,4-Nov-15,30-Mar-16,Mathematics
Qiang,Zhang  ,1,1501.07694v1,Acta Mathematica,1,M,17-Oct-13,15-Apr-15,Mathematics
Riley,Thornton  ,1,1502.02187v3,Acta Mathematica,18,M,11-Nov-16,19-Jul-17,Mathematics
Masato,Mimura  ,1,1502.03703v4,American Journal of Mathematics,5,M,,20-Dec-17,Mathematics
Dang,Vo Phuc ,1,1502.05569v3,Acta Mathematica,19,M,18-Jan-16,25-Aug-16,Mathematics
Nguyen,Sum  ,2,1502.05569v3,Acta Mathematica,19,M,18-Jan-16,25-Aug-16,Mathematics
Andrea,Venturelli  ,2,1502.06278v1,American Journal of Mathematics,22,M,15-Jan-08,5-Sep-08,Mathematics
Ezequiel,Maderna  ,1,1502.06278v1,American Journal of Mathematics,22,M,15-Jan-08,5-Sep-08,Mathematics
Kathryn,E. Hare ,1,1503.09071v1,Acta Mathematica,1,F,1-Apr-14,5-Jun-15,Mathematics
L.,Thomas Ramsey ,2,1503.09071v1,Acta Mathematica,1,M,1-Apr-14,5-Jun-15,Mathematics
Attila,Nagy  ,1,1504.07183v2,Acta Mathematica,4,M,5-May-15,13-Dec-15,Mathematics
Patrizio,Neff  ,1,1505.02203v3,American Journal of Mathematics,79,M,13-May-15,13-Jul-16,Mathematics
Robert,J. Martin ,3,1505.02203v3,American Journal of Mathematics,79,M,13-May-15,13-Jul-16,Mathematics
Bernhard,Eidel  ,2,1505.02203v3,American Journal of Mathematics,79,M,13-May-15,13-Jul-16,Mathematics
Yannick,Bonthonneau  ,1,1505.02600v2,American Journal of Mathematics,2,M,16-Nov-15,1-Jun-18,Mathematics
Enzo,Vitillaro  ,1,1506.00910v4,American Journal of Mathematics,16,M,14-Jul-15,2-Nov-16,Mathematics
Christian,Baer  ,1,1506.00959v3,American Journal of Mathematics,35,M,3-Nov-16,1-Oct-19,Mathematics
Alexander,Strohmaier  ,2,1506.00959v3,American Journal of Mathematics,35,M,3-Nov-16,1-Oct-19,Mathematics
Giovanni,S. Alberti ,1,1507.00647v2,American Journal of Mathematics,3,M,15-May-15,23-May-16,Mathematics
Sheng,Meng  ,1,1507.02230v2,American Journal of Mathematics,30,M,19-Dec-15,1-Aug-18,Mathematics
De-Qi,Zhang  ,2,1507.02230v2,American Journal of Mathematics,30,M,19-Dec-15,1-Aug-18,Mathematics
Charlotte,Hardouin  ,2,1507.03361v3,American Journal of Mathematics,33,F,,29-Jun-18,Mathematics
Thomas,Dreyfus  ,1,1507.03361v3,American Journal of Mathematics,33,M,,29-Jun-18,Mathematics
Julien,Roques  ,3,1507.03361v3,American Journal of Mathematics,33,M,,29-Jun-18,Mathematics
Jingjun,Han  ,1,1507.07899v2,Acta Mathematica,1,M,30-Sep-15,8-May-16,Mathematics
Ji-Gen,Peng  ,4,1507.08413v3,Acta Mathematica,11,M,16-Oct-15,22-Nov-16,Mathematics
Yu-Chao,Tang  ,1,1507.08413v3,Acta Mathematica,11,M,16-Oct-15,22-Nov-16,Mathematics
Meng,Wen  ,3,1507.08413v3,Acta Mathematica,11,M,16-Oct-15,22-Nov-16,Mathematics
Chuan-Xi,Zhu  ,2,1507.08413v3,Acta Mathematica,11,M,16-Oct-15,22-Nov-16,Mathematics
David,Hoffman  ,1,1508.00064v3,Acta Mathematica,16,M,20-Jun-13,16-Nov-16,Mathematics
Brian,White  ,3,1508.00064v3,Acta Mathematica,16,M,20-Jun-13,16-Nov-16,Mathematics
Martin,Traizet  ,2,1508.00064v3,Acta Mathematica,16,M,20-Jun-13,16-Nov-16,Mathematics
Friedrich,Littmann  ,2,1508.02436v1,American Journal of Mathematics,9,M,20-Oct-14,1-Apr-17,Mathematics
Emanuel,Carneiro  ,1,1508.02436v1,American Journal of Mathematics,9,M,20-Oct-14,1-Apr-17,Mathematics
Taryn,C. Flock ,3,1508.07502v2,American Journal of Mathematics,52,F,20-Oct-15,1-Apr-18,Mathematics
Sanghyuk,Lee  ,4,1508.07502v2,American Journal of Mathematics,52,M,20-Oct-15,1-Apr-18,Mathematics
Neal,Bez  ,2,1508.07502v2,American Journal of Mathematics,52,M,20-Oct-15,1-Apr-18,Mathematics
Jonathan,Bennett  ,1,1508.07502v2,American Journal of Mathematics,52,M,20-Oct-15,1-Apr-18,Mathematics
Robert,J. Berman ,1,1509.00956v1,American Journal of Mathematics,8,M,14-Nov-15,1-Jun-18,Mathematics
Joaquim,Ortega-Cerdà  ,2,1509.00956v1,American Journal of Mathematics,8,M,14-Nov-15,1-Jun-18,Mathematics
Dirk,Hundertmark  ,2,1509.01444v2,American Journal of Mathematics,18,M,16-Dec-15,12-Apr-17,Mathematics
Jean-Marie,Barbaroux  ,1,1509.01444v2,American Journal of Mathematics,18,F,16-Dec-15,12-Apr-17,Mathematics
Semjon,Vugalter  ,4,1509.01444v2,American Journal of Mathematics,18,M,16-Dec-15,12-Apr-17,Mathematics
Tobias,Ried  ,3,1509.01444v2,American Journal of Mathematics,18,M,16-Dec-15,12-Apr-17,Mathematics
Friedrich,Knop  ,1,1509.03429v3,Acta Mathematica,18,M,30-Sep-15,1-Jun-17,Mathematics
Bernhard,Krötz  ,2,1509.03429v3,Acta Mathematica,18,M,30-Sep-15,1-Jun-17,Mathematics
Henrik,Schlichtkrull  ,3,1509.03429v3,Acta Mathematica,18,M,30-Sep-15,1-Jun-17,Mathematics
Jonathan,J. Bevan ,1,1509.08245v3,American Journal of Mathematics,6,M,21-Dec-15,11-Mar-17,Mathematics
Andre,Reznikov  ,2,1510.02963v1,American Journal of Mathematics,8,M,3-Jan-16,1-Oct-17,Mathematics
Amit,Ghosh  ,1,1510.02963v1,American Journal of Mathematics,8,M,3-Jan-16,1-Oct-17,Mathematics
Peter,Sarnak  ,3,1510.02963v1,American Journal of Mathematics,8,M,3-Jan-16,1-Oct-17,Mathematics
Ben,Williams  ,3,1510.06133v2,American Journal of Mathematics,2,M,,10-Dec-18,Mathematics
Asher,Auel  ,1,1510.06133v2,American Journal of Mathematics,2,M,,10-Dec-18,Mathematics
Uriya,A. First ,2,1510.06133v2,American Journal of Mathematics,2,M,,10-Dec-18,Mathematics
Qinglong,Zhou  ,1,1510.06822v3,American Journal of Mathematics,15,M,1-Apr-15,8-Aug-17,Mathematics
Yiming,Long  ,2,1510.06822v3,American Journal of Mathematics,15,M,1-Apr-15,8-Aug-17,Mathematics
A.,Tayebi  ,1,1510.07990v1,Acta Mathematica,32,M,19-Jul-13,15-Sep-15,Mathematics
H.,Sadeghi  ,2,1510.07990v1,Acta Mathematica,32,M,19-Jul-13,15-Sep-15,Mathematics
Peter,Sarnak  ,1,1510.08500v2,American Journal of Mathematics,76,M,1-Mar-17,15-Dec-18,Mathematics
Igor,Wigman  ,2,1510.08500v2,American Journal of Mathematics,76,M,1-Mar-17,15-Dec-18,Mathematics
A.,Tayebi  ,1,1511.00927v1,Acta Mathematica,2,M,,26-Oct-15,Mathematics
T.,Tabatabaeifar  ,2,1511.00927v1,Acta Mathematica,2,F,,26-Oct-15,Mathematics
Zhi-Wen,Liu  ,2,1511.04642v1,Acta Mathematica,6,Unk,,15-Nov-15,Mathematics
Yu-Can,Zhu  ,3,1511.04642v1,Acta Mathematica,6,M,,15-Nov-15,Mathematics
Ming-Sheng,Liu  ,1,1511.04642v1,Acta Mathematica,6,M,,15-Nov-15,Mathematics
Susanna,Zimmermann  ,2,1511.08907v1,American Journal of Mathematics,13,F,14-Jan-16,1-Oct-18,Mathematics
Jérémy,Blanc  ,1,1511.08907v1,American Journal of Mathematics,13,M,14-Jan-16,1-Oct-18,Mathematics
Rémi,Boutonnet  ,1,1512.04820v2,American Journal of Mathematics,13,M,11-Jan-16,1-Oct-18,Mathematics
Stefaan,Vaes  ,3,1512.04820v2,American Journal of Mathematics,13,M,11-Jan-16,1-Oct-18,Mathematics
Cyril,Houdayer  ,2,1512.04820v2,American Journal of Mathematics,13,M,11-Jan-16,1-Oct-18,Mathematics
Sameer,M. Ikhdair ,3,1512.08721v1,Acta Mathematica,9,M,15-May-12,3-Nov-15,Mathematics
H.,Mehraban  ,2,1512.08721v1,Acta Mathematica,9,M,15-May-12,3-Nov-15,Mathematics
M.,Eshghi  ,1,1512.08721v1,Acta Mathematica,9,M,15-May-12,3-Nov-15,Mathematics
Marc,Briant  ,1,1601.00326v3,American Journal of Mathematics,21,M,4-Jan-16,6-Jul-16,Mathematics
Esther,Daus  ,2,1601.00326v3,American Journal of Mathematics,21,F,4-Jan-16,6-Jul-16,Mathematics
S.,K. Prajapati ,2,1601.04133v2,Acta Mathematica,0,M,9-Jun-16,19-Dec-16,Mathematics
C.,P. Anil Kumar,1,1601.04133v2,Acta Mathematica,0,M,9-Jun-16,19-Dec-16,Mathematics
Yi,Wang  ,2,1601.05629v1,Acta Mathematica,10,F,30-May-14,15-Mar-15,Mathematics
Hai-Xia,Zhang  ,3,1601.05629v1,Acta Mathematica,10,Unk,30-May-14,15-Mar-15,Mathematics
Hua,Sun  ,1,1601.05629v1,Acta Mathematica,10,Unk,30-May-14,15-Mar-15,Mathematics
Alfredas,Rackauskas  ,2,1602.00461v1,Acta Mathematica,3,M,5-Nov-15,31-Mar-16,Mathematics
Vaidotas,Characiejus  ,1,1602.00461v1,Acta Mathematica,3,M,5-Nov-15,31-Mar-16,Mathematics
Zhizhang,Wang  ,2,1602.06535v1,American Journal of Mathematics,19,M,15-Oct-16,1-Oct-19,Mathematics
Changyu,Ren  ,1,1602.06535v1,American Journal of Mathematics,19,M,15-Oct-16,1-Oct-19,Mathematics
Yin,Zhaoyang  ,2,1603.04148v1,American Journal of Mathematics,1,F,20-Jan-16,29-Dec-16,Mathematics
Luo,Wei  ,1,1603.04148v1,American Journal of Mathematics,1,M,20-Jan-16,29-Dec-16,Mathematics
Jingni,Xiao  ,3,1603.07555v3,American Journal of Mathematics,30,F,,23-May-19,Mathematics
Hongyu,Liu  ,1,1603.07555v3,American Journal of Mathematics,30,M,,23-May-19,Mathematics
Luca,Rondi  ,2,1603.07555v3,American Journal of Mathematics,30,M,,23-May-19,Mathematics
Adrian,Ioana  ,2,1603.07616v1,American Journal of Mathematics,6,M,28-Oct-16,1-Oct-19,Mathematics
Damien,Gaboriau  ,1,1603.07616v1,American Journal of Mathematics,6,M,28-Oct-16,1-Oct-19,Mathematics
Robin,Tucker-Drob  ,3,1603.07616v1,American Journal of Mathematics,6,M,28-Oct-16,1-Oct-19,Mathematics
Farrukh,Mukhamedov  ,2,1603.08621v1,Acta Mathematica,0,M,29-Mar-16,1-Jun-17,Mathematics
Inomjon,Ganiev  ,1,1603.08621v1,Acta Mathematica,0,M,29-Mar-16,1-Jun-17,Mathematics
Donghyun,Lee  ,2,1604.04342v4,American Journal of Mathematics,32,M,1-Jun-16,27-Jun-17,Mathematics
Chanwoo,Kim  ,1,1604.04342v4,American Journal of Mathematics,32,M,1-Jun-16,27-Jun-17,Mathematics
Ryan,Denlinger  ,1,1605.00589v4,American Journal of Mathematics,17,M,23-Feb-17,27-Feb-18,Mathematics
Simona,Rota Nodari ,2,1605.02523v3,American Journal of Mathematics,3,F,2-Feb-18,7-Jul-18,Mathematics
Stephan,De Bievre ,1,1605.02523v3,American Journal of Mathematics,3,M,2-Feb-18,7-Jul-18,Mathematics
Peter,Hintz  ,1,1606.04014v2,Acta Mathematica,125,M,1-Jul-16,1-Mar-18,Mathematics
András,Vasy  ,2,1606.04014v2,Acta Mathematica,125,M,1-Jul-16,1-Mar-18,Mathematics
Stefano,Lisini  ,1,1606.06787v2,American Journal of Mathematics,14,M,21-Jul-16,12-Sep-17,Mathematics
Antonio,Segatti  ,3,1606.06787v2,American Journal of Mathematics,14,M,21-Jul-16,12-Sep-17,Mathematics
Edoardo,Mainini  ,2,1606.06787v2,American Journal of Mathematics,14,M,21-Jul-16,12-Sep-17,Mathematics
Van,Hoang Nguyen ,2,1607.00154v3,Acta Mathematica,15,M,14-Jan-18,12-Jul-18,Mathematics
Quôc-Anh,Ngô  ,1,1607.00154v3,Acta Mathematica,15,M,14-Jan-18,12-Jul-18,Mathematics
Moritz,Egert  ,2,1607.06246v5,American Journal of Mathematics,11,M,,15-Jun-20,Mathematics
Kaj,Nystr{ö}m  ,3,1607.06246v5,American Journal of Mathematics,11,M,,15-Jun-20,Mathematics
Pascal,Auscher  ,1,1607.06246v5,American Journal of Mathematics,11,M,,15-Jun-20,Mathematics
Philip,Korman  ,1,1609.00369v1,Acta Mathematica,2,M,28-Jun-13,22-May-14,Mathematics
Yi,Li  ,2,1609.00369v1,Acta Mathematica,2,M,28-Jun-13,22-May-14,Mathematics
Qiongxiang,Huang  ,2,1609.05419v1,Acta Mathematica,2,Unk,27-Apr-16,27-Feb-17,Mathematics
Xueyi,Huang  ,1,1609.05419v1,Acta Mathematica,2,F,27-Apr-16,27-Feb-17,Mathematics
Lu,Lu  ,3,1609.05419v1,Acta Mathematica,2,F,27-Apr-16,27-Feb-17,Mathematics
Barak,Weiss  ,2,1609.08481v1,American Journal of Mathematics,17,M,,1-Jan-16,Mathematics
Uri,Shapira  ,1,1609.08481v1,American Journal of Mathematics,17,M,,1-Jan-16,Mathematics
Dolores,Lara  ,2,1610.01676v6,Acta Mathematica,0,F,13-Nov-18,25-Jun-19,Mathematics
Christian,Rubio-Montiel  ,3,1610.01676v6,Acta Mathematica,0,M,13-Nov-18,25-Jun-19,Mathematics
Clemens,Huemer  ,1,1610.01676v6,Acta Mathematica,0,M,13-Nov-18,25-Jun-19,Mathematics
C.,Hertling  ,3,1611.07740v1,American Journal of Mathematics,7,Unk,6-Dec-13,8-Oct-15,Mathematics
W.,de Siqueira Pedra,2,1611.07740v1,American Journal of Mathematics,7,M,6-Dec-13,8-Oct-15,Mathematics
J.,#NAME?,1,1611.07740v1,American Journal of Mathematics,7,M,6-Dec-13,8-Oct-15,Mathematics
Eszter,Gselmann  ,1,1612.01365v1,Acta Mathematica,4,F,18-Nov-13,20-Jun-14,Mathematics
Amin,Gholampour  ,1,1701.08902v2,American Journal of Mathematics,25,M,25-Feb-17,1-Apr-20,Mathematics
Shing-Tung,Yau  ,3,1701.08902v2,American Journal of Mathematics,25,M,25-Feb-17,1-Apr-20,Mathematics
Artan,Sheshmani  ,2,1701.08902v2,American Journal of Mathematics,25,M,25-Feb-17,1-Apr-20,Mathematics
Alex,Lubotzky  ,2,1702.05452v2,American Journal of Mathematics,15,M,,27-Jul-20,Mathematics
Ori,Parzanchevski  ,3,1702.05452v2,American Journal of Mathematics,15,M,,27-Jul-20,Mathematics
Eyal,Lubetzky  ,1,1702.05452v2,American Journal of Mathematics,15,M,,27-Jul-20,Mathematics
Erez,Lapid  ,1,1703.09475v1,American Journal of Mathematics,14,M,4-Apr-17,1-Apr-20,Mathematics
Marko,Tadic  ,2,1703.09475v1,American Journal of Mathematics,14,M,4-Apr-17,1-Apr-20,Mathematics
Paolo,Lipparini  ,1,1704.02476v3,Acta Mathematica,6,M,,8-Apr-17,Mathematics
Mihnea,Popa  ,2,1705.01975v2,American Journal of Mathematics,11,M,,6-May-20,Mathematics
Luigi,Lombardi  ,1,1705.01975v2,American Journal of Mathematics,11,M,,6-May-20,Mathematics
Christian,Schnell  ,3,1705.01975v2,American Journal of Mathematics,11,M,,6-May-20,Mathematics
Heiko,Gimperlein  ,1,1706.06839v3,American Journal of Mathematics,9,M,25-Jul-18,8-Jun-21,Mathematics
Magnus,Goffeng  ,2,1706.06839v3,American Journal of Mathematics,9,M,25-Jul-18,8-Jun-21,Mathematics
Xiaoshan,Li  ,3,1706.09762v2,Acta Mathematica,1,M,11-Jul-17,31-May-18,Mathematics
Hendrik,Herrmann  ,1,1706.09762v2,Acta Mathematica,1,M,11-Jul-17,31-May-18,Mathematics
Chin-Yu,Hsiao  ,2,1706.09762v2,Acta Mathematica,1,M,11-Jul-17,31-May-18,Mathematics
Tao,Wang  ,3,1707.02672v2,American Journal of Mathematics,11,M,5-Jul-17,29-Oct-18,Mathematics
Paolo,Secchi  ,2,1707.02672v2,American Journal of Mathematics,11,M,5-Jul-17,29-Oct-18,Mathematics
Gui-Qiang,Chen  ,1,1707.02672v2,American Journal of Mathematics,11,M,5-Jul-17,29-Oct-18,Mathematics
Stéphane,Lamy  ,1,1707.07955v2,American Journal of Mathematics,11,M,,2-Jul-20,Mathematics
Susanna,Zimmermann  ,2,1707.07955v2,American Journal of Mathematics,11,F,,2-Jul-20,Mathematics
Antonin,Chambolle  ,1,1708.03281v2,American Journal of Mathematics,39,M,14-Feb-18,15-Dec-18,Mathematics
Vito,Crismale  ,2,1708.03281v2,American Journal of Mathematics,39,M,14-Feb-18,15-Dec-18,Mathematics
Robert,J. McCann ,1,1709.00632v1,American Journal of Mathematics,10,M,1-Sep-17,14-May-19,Mathematics
Kelvin,Shuangjian Zhang ,2,1709.00632v1,American Journal of Mathematics,10,M,1-Sep-17,14-May-19,Mathematics
Gareth,E. Roberts ,1,1709.01242v1,American Journal of Mathematics,7,M,19-Aug-17,27-Oct-17,Mathematics
Boqiang,Lü  ,3,1709.05608v1,American Journal of Mathematics,4,M,25-Apr-18,5-Jan-21,Mathematics
Cheng,He  ,1,1709.05608v1,American Journal of Mathematics,4,M,25-Apr-18,5-Jan-21,Mathematics
Jing,Li  ,2,1709.05608v1,American Journal of Mathematics,4,F,25-Apr-18,5-Jan-21,Mathematics
E.,Mantovan  ,2,1710.01864v3,American Journal of Mathematics,19,F,19-Jan-18,8-Jan-21,Mathematics
E.,Eischen  ,1,1710.01864v3,American Journal of Mathematics,19,F,19-Jan-18,8-Jan-21,Mathematics
Donghyun,Lee  ,3,1710.03851v4,American Journal of Mathematics,23,M,29-Dec-17,4-Apr-19,Mathematics
Chanwoo,Kim  ,2,1710.03851v4,American Journal of Mathematics,23,M,29-Dec-17,4-Apr-19,Mathematics
Yunbai,Cao  ,1,1710.03851v4,American Journal of Mathematics,23,M,29-Dec-17,4-Apr-19,Mathematics
Martin,Orr  ,1,1710.04092v2,American Journal of Mathematics,5,M,,5-Oct-20,Mathematics
Nguyen,Sum  ,1,1710.06556v1,Acta Mathematica,5,M,,1-Oct-17,Mathematics
Mikael,de la Salle,1,1711.01900v4,Acta Mathematica,0,M,4-Oct-18,1-Sep-19,Mathematics
Marco,Mazzucchelli  ,2,1711.10059v1,American Journal of Mathematics,11,M,24-Apr-18,1-Apr-21,Mathematics
Colin,Guillarmou  ,1,1711.10059v1,American Journal of Mathematics,11,M,24-Apr-18,1-Apr-21,Mathematics
Leo,Tzou  ,3,1711.10059v1,American Journal of Mathematics,11,M,24-Apr-18,1-Apr-21,Mathematics
Alexey,Ovchinnikov  ,1,1712.01412v3,American Journal of Mathematics,7,M,,17-Apr-20,Mathematics
Thomas,Scanlon  ,3,1712.01412v3,American Journal of Mathematics,7,M,,17-Apr-20,Mathematics
Gleb,Pogudin  ,2,1712.01412v3,American Journal of Mathematics,7,M,,17-Apr-20,Mathematics
Ignat,Soroko  ,3,1712.05826v2,American Journal of Mathematics,6,M,20-Dec-17,1-Dec-20,Mathematics
Robert,P Kropholler ,1,1712.05826v2,American Journal of Mathematics,6,M,20-Dec-17,1-Dec-20,Mathematics
Ian,J Leary ,2,1712.05826v2,American Journal of Mathematics,6,M,20-Dec-17,1-Dec-20,Mathematics
Imme,van den Berg,3,1801.02413v1,Acta Mathematica,1,F,8-Jan-18,3-Jan-19,Mathematics
Tran,Van Nam ,2,1801.02413v1,Acta Mathematica,1,M,8-Jan-18,3-Jan-19,Mathematics
Bruno,Dinis  ,1,1801.02413v1,Acta Mathematica,1,M,8-Jan-18,3-Jan-19,Mathematics
Giulio,Tralli  ,2,1801.03961v2,American Journal of Mathematics,10,M,19-Feb-18,13-Mar-19,Mathematics
Farhan,Abedin  ,1,1801.03961v2,American Journal of Mathematics,10,M,19-Feb-18,13-Mar-19,Mathematics
Gabriel,Andreas Dill ,1,1801.05701v5,American Journal of Mathematics,8,M,,18-Mar-21,Mathematics
Siran,Li  ,1,1801.06767v1,American Journal of Mathematics,0,M,22-Jan-18,6-Dec-19,Mathematics
Chee,Yap  ,4,1801.08112v3,American Journal of Mathematics,27,M,1-May-18,17-Jun-20,Mathematics
Alexey,Ovchinnikov  ,2,1801.08112v3,American Journal of Mathematics,27,M,1-May-18,17-Jun-20,Mathematics
Gleb,Pogudin  ,3,1801.08112v3,American Journal of Mathematics,27,M,1-May-18,17-Jun-20,Mathematics
Hoon,Hong  ,1,1801.08112v3,American Journal of Mathematics,27,M,1-May-18,17-Jun-20,Mathematics
Phi,Ha  ,1,1802.01148v2,Acta Mathematica,7,M,17-Dec-17,12-Jul-18,Mathematics
Duong,Ngoc Son ,2,1803.07653v1,Acta Mathematica,4,M,16-Sep-17,8-Jun-18,Mathematics
Song-Ying,Li  ,1,1803.07653v1,Acta Mathematica,4,M,16-Sep-17,8-Jun-18,Mathematics
José,F. Fernando ,1,1805.10834v2,American Journal of Mathematics,0,M,,1-May-18,Mathematics
Riccardo,Ghiloni  ,2,1805.10834v2,American Journal of Mathematics,0,M,,1-May-18,Mathematics
Qing-Wen,Wang  ,1,1806.00002v1,Acta Mathematica,5,M,8-Dec-17,7-Jun-18,Mathematics
Fuzhen,Zhang  ,2,1806.00002v1,Acta Mathematica,5,M,8-Dec-17,7-Jun-18,Mathematics
De-Qi,Zhang  ,2,1806.07747v2,Acta Mathematica,4,M,19-Jun-18,15-May-19,Mathematics
Sheng,Meng  ,1,1806.07747v2,Acta Mathematica,4,M,19-Jun-18,15-May-19,Mathematics
Sándor,Radeleczki  ,2,1806.09203v3,Acta Mathematica,0,M,2-Mar-19,4-Sep-19,Mathematics
Jouni,Järvinen  ,1,1806.09203v3,Acta Mathematica,0,M,2-Mar-19,4-Sep-19,Mathematics
Matthew,Rigby  ,2,1807.06646v1,Acta Mathematica,3,M,3-Jun-18,23-Jul-18,Mathematics
Gui-Qiang,G. Chen ,1,1807.06646v1,Acta Mathematica,3,M,3-Jun-18,23-Jul-18,Mathematics
Arash,Yavari  ,1,1807.10403v1,American Journal of Mathematics,8,M,26-Jul-18,16-May-19,Mathematics
Ashkan,Golgoon  ,2,1807.10403v1,American Journal of Mathematics,8,M,26-Jul-18,16-May-19,Mathematics
Huy,Tai Ha ,1,1808.05899v2,Acta Mathematica,12,M,5-Jul-18,12-Feb-19,Mathematics
Ngo,Viet Trung ,2,1808.05899v2,Acta Mathematica,12,F,5-Jul-18,12-Feb-19,Mathematics
Yu,Gu  ,2,1808.07557v3,American Journal of Mathematics,16,M,22-Aug-18,24-Aug-21,Mathematics
Lenya,Ryzhik  ,3,1808.07557v3,American Journal of Mathematics,16,F,22-Aug-18,24-Aug-21,Mathematics
Alexander,Dunlap  ,1,1808.07557v3,American Journal of Mathematics,16,M,22-Aug-18,24-Aug-21,Mathematics
Ofer,Zeitouni  ,4,1808.07557v3,American Journal of Mathematics,16,M,22-Aug-18,24-Aug-21,Mathematics
David,Eisenbud  ,1,1809.03059v1,Acta Mathematica,3,M,16-Jun-18,2-Oct-18,Mathematics
Alessio,Sammartano  ,2,1809.03059v1,Acta Mathematica,3,M,16-Jun-18,2-Oct-18,Mathematics
Inwon,Kim  ,2,1809.09343v1,American Journal of Mathematics,2,M,8-Dec-18,17-Jul-19,Mathematics
Hongwei,Gao  ,1,1809.09343v1,American Journal of Mathematics,2,M,8-Dec-18,17-Jul-19,Mathematics
Gerhard,Rein  ,3,1810.00809v3,American Journal of Mathematics,6,M,10-Jun-20,10-May-21,Mathematics
Mahir,Hadzic  ,1,1810.00809v3,American Journal of Mathematics,6,M,10-Jun-20,10-May-21,Mathematics
Zhiwu,Lin  ,2,1810.00809v3,American Journal of Mathematics,6,M,10-Jun-20,10-May-21,Mathematics
Antoine,Levitt  ,1,1810.03342v2,American Journal of Mathematics,7,M,16-Oct-18,31-Jul-20,Mathematics
Jörg,Neunhäuserer  ,1,1810.12622v1,Acta Mathematica,1,M,25-May-05,4-Jan-14,Mathematics
Moti,Gitik  ,2,1812.05291v1,Acta Mathematica,5,M,11-Mar-19,4-Sep-19,Mathematics
Saharon,Shelah  ,3,1812.05291v1,Acta Mathematica,5,M,11-Mar-19,4-Sep-19,Mathematics
Shimon,Garti  ,1,1812.05291v1,Acta Mathematica,5,M,11-Mar-19,4-Sep-19,Mathematics
Chao,Liu  ,2,1812.07779v3,Acta Mathematica,0,M,,19-Dec-18,Mathematics
Hongya,Gao  ,1,1812.07779v3,Acta Mathematica,0,F,,19-Dec-18,Mathematics
Junwei,Li  ,3,1812.07779v3,Acta Mathematica,0,M,,19-Dec-18,Mathematics
Wei,Ren  ,1,1901.02137v2,Acta Mathematica,0,M,,8-Jan-19,Mathematics
Christoph,Walker  ,2,1901.07257v2,American Journal of Mathematics,8,M,28-Nov-19,10-Apr-20,Mathematics
Philippe,Laurençot  ,1,1901.07257v2,American Journal of Mathematics,8,M,28-Nov-19,10-Apr-20,Mathematics
Robert,Seiringer  ,2,1901.11363v3,American Journal of Mathematics,9,M,22-Feb-19,9-Mar-20,Mathematics
Andreas,Deuchert  ,1,1901.11363v3,American Journal of Mathematics,9,M,22-Feb-19,9-Mar-20,Mathematics
Paolo,Piovano  ,2,1902.06535v4,American Journal of Mathematics,5,M,18-Feb-19,20-Jun-20,Mathematics
Shokhrukh,Yu. Kholmatov ,1,1902.06535v4,American Journal of Mathematics,5,M,18-Feb-19,20-Jun-20,Mathematics
Li-Xin,Zhang  ,1,1902.10872v1,Acta Mathematica,11,M,18-Nov-18,15-Feb-20,Mathematics
Tomáš,Masarík  ,1,1903.01460v1,Acta Mathematica,4,M,,4-Mar-19,Mathematics
Steve,Schochet  ,3,1903.05813v1,American Journal of Mathematics,14,M,25-Apr-17,7-Mar-18,Mathematics
Qiangchang,Ju  ,2,1903.05813v1,American Journal of Mathematics,14,M,25-Apr-17,7-Mar-18,Mathematics
Bin,Cheng  ,1,1903.05813v1,American Journal of Mathematics,14,M,25-Apr-17,7-Mar-18,Mathematics
Shaolin,Chen  ,1,1905.01794v3,Acta Mathematica,0,Unk,,1-May-19,Mathematics
Giovanni,S. Alberti ,1,1906.10028v3,American Journal of Mathematics,0,M,8-Dec-20,8-Nov-21,Mathematics
Matteo,Santacesaria  ,2,1906.10028v3,American Journal of Mathematics,0,M,8-Dec-20,8-Nov-21,Mathematics
Yavar,Kian  ,2,1907.02619v1,Acta Mathematica,6,M,30-Mar-19,27-Dec-19,Mathematics
Guanghui,Hu  ,1,1907.02619v1,Acta Mathematica,6,M,30-Mar-19,27-Dec-19,Mathematics
Yue,Zhao  ,3,1907.02619v1,Acta Mathematica,6,M,30-Mar-19,27-Dec-19,Mathematics
Gergely,Kiss  ,1,1907.06586v2,Acta Mathematica,1,M,21-Jul-19,27-Jan-20,Mathematics
Jean-Luc,Marichal  ,2,1907.06586v2,Acta Mathematica,1,M,21-Jul-19,27-Jan-20,Mathematics
Carlo,Sanna  ,1,1909.05188v1,Acta Mathematica,5,M,21-Aug-19,16-Dec-19,Mathematics
Ran,Wang  ,2,1911.02180v1,Acta Mathematica,4,M,31-Jan-19,15-Jan-20,Mathematics
Yutao,Ma  ,1,1911.02180v1,Acta Mathematica,4,F,31-Jan-19,15-Jan-20,Mathematics
Meng,Fai Lim ,2,1912.09023v1,Acta Mathematica,1,M,23-Dec-19,1-Dec-20,Mathematics
Suman,Ahmed  ,1,1912.09023v1,Acta Mathematica,1,M,23-Dec-19,1-Dec-20,Mathematics
Yuri,Trakhinin  ,1,1912.11924v2,American Journal of Mathematics,5,M,26-Dec-19,12-Nov-20,Mathematics
Tao,Wang  ,2,1912.11924v2,American Journal of Mathematics,5,M,26-Dec-19,12-Nov-20,Mathematics
Paolo,Secchi  ,2,1912.13343v3,American Journal of Mathematics,5,M,2-Feb-20,22-May-20,Mathematics
Gui-Qiang,G. Chen ,1,1912.13343v3,American Journal of Mathematics,5,M,2-Feb-20,22-May-20,Mathematics
Tao,Wang  ,3,1912.13343v3,American Journal of Mathematics,5,M,2-Feb-20,22-May-20,Mathematics
Xin-Zhong,Huang  ,2,2002.03099v2,Acta Mathematica,0,Unk,,1-Feb-20,Mathematics
Zhi-Hong,Liu  ,3,2002.03099v2,Acta Mathematica,0,M,,1-Feb-20,Mathematics
Rahim,Kargar  ,4,2002.03099v2,Acta Mathematica,0,M,,1-Feb-20,Mathematics
Zhi-Gang,Wang  ,1,2002.03099v2,Acta Mathematica,0,M,,1-Feb-20,Mathematics
Shimon,Garti  ,1,2002.03573v1,Acta Mathematica,1,M,9-Feb-20,9-Feb-21,Mathematics
Saharon,Shelah  ,2,2002.03573v1,Acta Mathematica,1,M,9-Feb-20,9-Feb-21,Mathematics
Yi-Zheng,Fan  ,2,2002.04415v1,Acta Mathematica,0,M,26-Feb-20,15-Nov-20,Mathematics
Jiang-Chao,Wan  ,3,2002.04415v1,Acta Mathematica,0,M,26-Feb-20,15-Nov-20,Mathematics
Chao,Ding  ,1,2002.04415v1,Acta Mathematica,0,M,26-Feb-20,15-Nov-20,Mathematics
Melvyn,B. Nathanson ,1,2004.02367v3,Acta Mathematica,0,M,21-Apr-20,22-Jul-20,Mathematics
W.,T. Gowers ,1,2004.07598v2,Acta Mathematica,4,M,6-Feb-20,23-Jul-20,Mathematics
Bian,Wu  ,1,2008.05802v2,American Journal of Mathematics,2,M,28-Feb-20,12-Jan-21,Mathematics
Alexander,Dunlap  ,1,2009.04369v2,American Journal of Mathematics,0,M,23-Sep-20,4-Sep-21,Mathematics
Lenya,Ryzhik  ,2,2009.04369v2,American Journal of Mathematics,0,F,23-Sep-20,4-Sep-21,Mathematics
Chengyang,Shao  ,1,2010.10663v6,American Journal of Mathematics,0,M,,20-Oct-20,Mathematics
Dang-Zheng,Liu  ,2,2012.13786v1,Acta Mathematica,0,M,11-Oct-19,4-Nov-20,Mathematics
Peter,J. Forrester ,1,2012.13786v1,Acta Mathematica,0,M,11-Oct-19,4-Nov-20,Mathematics
Symon,Serbenyuk  ,1,2101.08161v2,Acta Mathematica,1,M,10-Jan-21,12-Jun-21,Mathematics
M.,Gregory Forest ,2,2101.09746v2,American Journal of Mathematics,0,M,19-Jan-21,7-Sep-21,Mathematics
Reiner,Lauterbach  ,3,2101.09746v2,American Journal of Mathematics,0,M,19-Jan-21,7-Sep-21,Mathematics
David,Chillingworth  ,1,2101.09746v2,American Journal of Mathematics,0,M,19-Jan-21,7-Sep-21,Mathematics
Claudia,Wulff  ,4,2101.09746v2,American Journal of Mathematics,0,F,19-Jan-21,7-Sep-21,Mathematics
Andrea,Braides  ,1,2106.05857v1,American Journal of Mathematics,27,M,28-Jan-16,20-Oct-16,Mathematics
Marco,Cicalese  ,2,2106.05857v1,American Journal of Mathematics,27,M,28-Jan-16,20-Oct-16,Mathematics